<?xml version="1.0" encoding="UTF-8"?>
<application generated-by="intellij" xmlns:xsi="http://www.w3.org/2001/XMLSchema-instance" xmlns="http://www.zeroturnaround.com" xsi:schemaLocation="http://www.zeroturnaround.com http://update.zeroturnaround.com/jrebel/rebel-2_1.xsd">

	<classpath>
		<dir name="E:/IDEA2/jrelax/jrelax-product/jrelax-system/target/classes">
		</dir>
	</classpath>

	<web>
		<link target="/">
			<dir name="E:/IDEA2/jrelax/jrelax-product/jrelax-system/src/main/webapp">
			</dir>
		</link>
	</web>

</application>
